Threshold,Precision,Recall,F1,FP,FN,Total Cost
0.1,0.8351648351648352,0.8,0.8172043010752689,15,19,205
0.15000000000000002,0.8636363636363636,0.8,0.8306010928961749,12,19,202
0.20000000000000004,0.9156626506024096,0.8,0.8539325842696629,7,19,197
0.25000000000000006,0.9156626506024096,0.8,0.8539325842696629,7,19,197
0.30000000000000004,0.9259259259259259,0.7894736842105263,0.8522727272727273,6,20,206
0.3500000000000001,0.9259259259259259,0.7894736842105263,0.8522727272727273,6,20,206
0.40000000000000013,0.9259259259259259,0.7894736842105263,0.8522727272727273,6,20,206
0.45000000000000007,0.9493670886075949,0.7894736842105263,0.8620689655172413,4,20,204
0.5000000000000001,0.9736842105263158,0.7789473684210526,0.8654970760233918,2,21,212
0.5500000000000002,0.9736842105263158,0.7789473684210526,0.8654970760233918,2,21,212
0.6000000000000002,0.9736842105263158,0.7789473684210526,0.8654970760233918,2,21,212
0.6500000000000001,0.9736842105263158,0.7789473684210526,0.8654970760233918,2,21,212
0.7000000000000002,0.9733333333333334,0.7684210526315789,0.8588235294117647,2,22,222
0.7500000000000002,0.9864864864864865,0.7684210526315789,0.863905325443787,1,22,221
0.8000000000000002,0.9864864864864865,0.7684210526315789,0.863905325443787,1,22,221
0.8500000000000002,0.9864864864864865,0.7684210526315789,0.863905325443787,1,22,221
0.9000000000000002,0.9861111111111112,0.7473684210526316,0.8502994011976048,1,24,241
